{
    "root_group": {
        "name": "",
        "path": "",
        "id": "d41d8cd98f00b204e9800998ecf8427e",
        "groups": {},
        "checks": {}
    },
    "metrics": {
        "http_req_tls_handshaking": {
            "p(95)": 0,
            "p(99)": 0,
            "avg": 0,
            "min": 0,
            "med": 0,
            "max": 0
        },
        "vus": {
            "value": 54,
            "min": 27,
            "max": 118
        },
        "data_sent": {
            "count": 39937,
            "rate": 3341.4211247626413
        },
        "http_req_waiting": {
            "avg": 1794.8556324348795,
            "min": 0.383291,
            "med": 1767.776918,
            "max": 3514.396293,
            "p(95)": 3177.5049436,
            "p(99)": 3383.3749853199997
        },
        "data_received": {
            "count": 90706,
            "rate": 7589.126487786268
        },
        "http_req_receiving": {
            "p(95)": 0.06448379999999988,
            "p(99)": 0.19252499999999986,
            "avg": 0.02717016997792498,
            "min": 0.003667,
            "med": 0.011,
            "max": 3.819042
        },
        "http_req_duration": {
            "avg": 1794.9411052626929,
            "min": 0.464208,
            "med": 1767.821376,
            "max": 3514.416168,
            "p(95)": 3177.6240764,
            "p(99)": 3383.39932648
        },
        "http_req_duration{expected_response:true}": {
            "min": 0.464208,
            "med": 1767.821376,
            "max": 3514.416168,
            "p(95)": 3177.6240764,
            "p(99)": 3383.39932648,
            "avg": 1794.9411052626929
        },
        "iterations": {
            "count": 453,
            "rate": 37.90128876774612
        },
        "vus_max": {
            "value": 128,
            "min": 60,
            "max": 128
        },
        "http_req_connecting": {
            "avg": 0.09270482119205302,
            "min": 0,
            "med": 0,
            "max": 7.535,
            "p(95)": 0.21854999999999997,
            "p(99)": 1.249111679999995
        },
        "http_reqs": {
            "count": 453,
            "rate": 37.90128876774612
        },
        "http_req_blocked": {
            "avg": 0.11501461147902864,
            "min": 0.001,
            "med": 0.006292,
            "max": 7.651875,
            "p(95)": 0.28643379999999996,
            "p(99)": 1.692265319999998
        },
        "http_req_sending": {
            "p(95)": 0.05187539999999999,
            "p(99)": 0.10066983999999997,
            "avg": 0.05830265783664461,
            "min": 0.002542,
            "med": 0.018083,
            "max": 14.778084
        },
        "iteration_duration": {
            "p(99)": 3383.48817332,
            "avg": 1795.2292316313465,
            "min": 1.043791,
            "med": 1768.056168,
            "max": 3514.501918,
            "p(95)": 3177.7218846
        },
        "dropped_iterations": {
            "count": 68,
            "rate": 5.6893766803680705
        },
        "http_req_duration{scenario:health_monitor}": {
            "avg": 1330.7780193,
            "min": 0.464208,
            "med": 1325.649688,
            "max": 2617.224501,
            "p(95)": 2297.0544721499996,
            "p(99)": 2553.19049523,
            "thresholds": {
                "p(95)<100": true
            }
        },
        "http_req_failed": {
            "passes": 0,
            "fails": 453,
            "value": 0
        }
    }
}