{
    "root_group": {
        "name": "",
        "path": "",
        "id": "d41d8cd98f00b204e9800998ecf8427e",
        "groups": {},
        "checks": {}
    },
    "metrics": {
        "http_reqs": {
            "rate": 9.896940324923172,
            "count": 100
        },
        "http_req_connecting": {
            "p(99)": 1.337365829999999,
            "avg": 0.28488834,
            "min": 0,
            "med": 0.0505415,
            "max": 2.375958,
            "p(95)": 0.72999195
        },
        "http_req_sending": {
            "avg": 0.10435004999999993,
            "min": 0.016458,
            "med": 0.08252100000000001,
            "max": 0.448167,
            "p(95)": 0.2005336499999998,
            "p(99)": 0.29347949999999984
        },
        "http_req_failed": {
            "passes": 0,
            "fails": 100,
            "value": 0
        },
        "iteration_duration": {
            "avg": 202.91327339999992,
            "min": 200.693167,
            "med": 202.7231665,
            "max": 206.806999,
            "p(95)": 204.82824795,
            "p(99)": 205.97490499
        },
        "http_req_blocked": {
            "p(95)": 0.9861291499999998,
            "p(99)": 1.7329082399999987,
            "avg": 0.40376204999999993,
            "min": 0.004333,
            "med": 0.1076665,
            "max": 3.142791
        },
        "http_req_receiving": {
            "p(99)": 0.7188991699999997,
            "avg": 0.16016918,
            "min": 0.031834,
            "med": 0.12702049999999998,
            "max": 1.005917,
            "p(95)": 0.33771605
        },
        "vus_max": {
            "min": 50,
            "max": 50,
            "value": 50
        },
        "data_sent": {
            "count": 8300,
            "rate": 821.4460469686232
        },
        "data_received": {
            "count": 22300,
            "rate": 2207.0176924578673
        },
        "http_req_duration": {
            "avg": 202.1631306800001,
            "min": 200.488625,
            "med": 202.05712549999998,
            "max": 205.446792,
            "p(95)": 203.63490595,
            "p(99)": 204.22331733000001
        },
        "http_req_tls_handshaking": {
            "avg": 0,
            "min": 0,
            "med": 0,
            "max": 0,
            "p(95)": 0,
            "p(99)": 0
        },
        "http_req_waiting": {
            "min": 200.292708,
            "med": 201.84702149999998,
            "max": 205.318,
            "p(95)": 203.2988357,
            "p(99)": 203.95052191000002,
            "avg": 201.89861144999995
        },
        "vus": {
            "value": 2,
            "min": 2,
            "max": 3
        },
        "http_req_duration{expected_response:true}": {
            "avg": 202.1631306800001,
            "min": 200.488625,
            "med": 202.05712549999998,
            "max": 205.446792,
            "p(95)": 203.63490595,
            "p(99)": 204.22331733000001
        },
        "iterations": {
            "rate": 9.896940324923172,
            "count": 100
        }
    }
}