{
    "root_group": {
        "path": "",
        "id": "d41d8cd98f00b204e9800998ecf8427e",
        "groups": {},
        "checks": {},
        "name": ""
    },
    "metrics": {
        "vus_max": {
            "value": 212,
            "min": 195,
            "max": 212
        },
        "http_req_duration": {
            "avg": 201.1776953322089,
            "min": 199.524125,
            "med": 201.175708,
            "max": 212.669542,
            "p(95)": 202.030284,
            "p(99)": 203.202481
        },
        "http_req_sending": {
            "max": 0.948125,
            "p(95)": 0.057099799999999964,
            "p(99)": 0.1277069199999999,
            "avg": 0.021944483277078895,
            "min": 0.002,
            "med": 0.012333
        },
        "http_req_waiting": {
            "max": 212.410625,
            "p(95)": 201.9492246,
            "p(99)": 203.12450884,
            "avg": 201.1131099694177,
            "min": 199.491708,
            "med": 201.11675
        },
        "http_req_blocked": {
            "avg": 0.02060530939961115,
            "min": 0.000625,
            "med": 0.00375,
            "max": 20.188166,
            "p(95)": 0.008125,
            "p(99)": 0.11119175999999995
        },
        "http_req_failed": {
            "passes": 0,
            "fails": 9777,
            "value": 0
        },
        "dropped_iterations": {
            "count": 223,
            "rate": 21.858258073395305
        },
        "http_req_duration{expected_response:true}": {
            "med": 201.175708,
            "max": 212.669542,
            "p(95)": 202.030284,
            "p(99)": 203.202481,
            "avg": 201.1776953322089,
            "min": 199.524125
        },
        "iterations": {
            "count": 9777,
            "rate": 958.33268692191
        },
        "data_received": {
            "count": 2180271,
            "rate": 213708.1891835859
        },
        "http_reqs": {
            "count": 9777,
            "rate": 958.33268692191
        },
        "http_req_connecting": {
            "med": 0,
            "max": 20.178417,
            "p(95)": 0,
            "p(99)": 0.07590315999999989,
            "avg": 0.015634690907231245,
            "min": 0
        },
        "http_req_tls_handshaking": {
            "p(95)": 0,
            "p(99)": 0,
            "avg": 0,
            "min": 0,
            "med": 0,
            "max": 0
        },
        "http_req_receiving": {
            "min": 0.004416,
            "med": 0.03175,
            "max": 1.605125,
            "p(95)": 0.11087539999999992,
            "p(99)": 0.22628291999999994,
            "avg": 0.042640879513143055
        },
        "iteration_duration": {
            "avg": 201.26810571760373,
            "min": 199.582416,
            "med": 201.249917,
            "max": 221.927083,
            "p(95)": 202.1373672,
            "p(99)": 203.51554507999998
        },
        "vus": {
            "value": 198,
            "min": 195,
            "max": 203
        },
        "data_sent": {
            "count": 1114578,
            "rate": 109249.92630909773
        }
    }
}