{
    "root_group": {
        "name": "",
        "path": "",
        "id": "d41d8cd98f00b204e9800998ecf8427e",
        "groups": {},
        "checks": {}
    },
    "metrics": {
        "iterations": {
            "rate": 51.50929199529375,
            "count": 522
        },
        "http_req_duration": {
            "min": 0.095208,
            "med": 189.930854,
            "max": 467.639292,
            "p(95)": 325.3232228999998,
            "p(99)": 366.97754768,
            "avg": 195.66857595210735
        },
        "http_req_sending": {
            "avg": 0.021078613026819917,
            "min": 0.002083,
            "med": 0.013166500000000001,
            "max": 1.019834,
            "p(95)": 0.054940199999999995,
            "p(99)": 0.0973555399999999
        },
        "http_req_receiving": {
            "avg": 0.07386507471264368,
            "min": 0.00475,
            "med": 0.0216045,
            "max": 3.976375,
            "p(95)": 0.23527434999999988,
            "p(99)": 0.4600224999999999
        },
        "http_req_blocked": {
            "avg": 0.04166819157088111,
            "min": 0.000833,
            "med": 0.0046455,
            "max": 3.093125,
            "p(95)": 0.2900103999999998,
            "p(99)": 0.49700056999999986
        },
        "http_req_duration{expected_response:true}": {
            "med": 189.930854,
            "max": 467.639292,
            "p(95)": 325.3232228999998,
            "p(99)": 366.97754768,
            "avg": 195.66857595210735,
            "min": 0.095208
        },
        "http_req_waiting": {
            "p(99)": 366.96054145999994,
            "avg": 195.5736322643679,
            "min": 0.080834,
            "med": 189.87743749999998,
            "max": 467.599751,
            "p(95)": 325.30105834999983
        },
        "vus_max": {
            "max": 60,
            "value": 60,
            "min": 60
        },
        "iteration_duration": {
            "avg": 195.78213226436787,
            "min": 0.166583,
            "med": 189.99814550000002,
            "max": 467.71325,
            "p(95)": 325.36317914999984,
            "p(99)": 367.00201002999995
        },
        "http_reqs": {
            "count": 522,
            "rate": 51.50929199529375
        },
        "http_req_duration{scenario:health_monitor}": {
            "avg": 8.170343238095237,
            "min": 0.095208,
            "med": 1.858667,
            "max": 65.119833,
            "p(95)": 28.975834,
            "p(99)": 57.891033199999995,
            "thresholds": {
                "p(95)<100": false
            }
        },
        "vus": {
            "value": 8,
            "min": 8,
            "max": 13
        },
        "http_req_tls_handshaking": {
            "med": 0,
            "max": 0,
            "p(95)": 0,
            "p(99)": 0,
            "avg": 0,
            "min": 0
        },
        "http_req_connecting": {
            "p(99)": 0.36448496999999996,
            "avg": 0.028549404214559385,
            "min": 0,
            "med": 0,
            "max": 3.054084,
            "p(95)": 0.21343779999999965
        },
        "data_sent": {
            "count": 61281,
            "rate": 6047.013261999226
        },
        "http_req_failed": {
            "passes": 0,
            "fails": 522,
            "value": 0
        },
        "data_received": {
            "count": 104604,
            "rate": 10321.988467194842
        }
    }
}